Type,Title,URL,Image Count
research-main,Connecting Climate Minds,http://hub.connectingclimateminds.org/news/launch-global-research-and-action-agenda-for-climate-change-and-mental-health,3
research-main,Connecting Climate Minds Hub,http://hub.connectingclimateminds.org/research-and-action,31
research-main,Connecting Climate Minds Hub,http://hub.connectingclimateminds.org/research-and-action/,31
research-main,Connecting Climate Minds Hub,http://hub.connectingclimateminds.org/research-and-action/case-studies,53
research-main,Connecting Climate Minds Hub,http://hub.connectingclimateminds.org/research-and-action/case-studies/,53
community-agendas,Community Agendas,http://hub.connectingclimateminds.org/research-and-action/community-agendas/,9
global-agenda,Global Agenda,http://hub.connectingclimateminds.org/research-and-action/global-agenda,11
impact-reports,Impact Reports,http://hub.connectingclimateminds.org/research-and-action/impact-reports/,9
regional-agendas,Regional Agendas,http://hub.connectingclimateminds.org/research-and-action/regional-agendas/,17
toolkits,Toolkits,http://hub.connectingclimateminds.org/research-and-action/toolkits/,9
